api_route,file_path_server,frontend_files_that_call_it
/api/address/autocomplete,app/api/address/autocomplete/route.ts,
/api/address/details,app/api/address/details/route.ts,
/api/address/reverse,app/api/address/reverse/route.ts,
/api/admin/audit/list,app/api/admin/audit/list/route.ts,
/api/admin/config/platform-email,app/api/admin/config/platform-email/route.ts,app/admin/(protected)/config/platform-email/page.tsx; app/admin/(protected)/organizacoes/page.tsx; app/admin/(protected)/settings/page.tsx
/api/admin/data/purge,app/api/admin/data/purge/route.ts,app/admin/components/AdminDataPurgeTools.tsx
/api/admin/eventos/list,app/api/admin/eventos/list/route.ts,app/admin/(protected)/eventos/page.tsx
/api/admin/eventos/purge,app/api/admin/eventos/purge/route.ts,app/admin/(protected)/eventos/page.tsx
/api/admin/eventos/update-status,app/api/admin/eventos/update-status/route.ts,app/admin/(protected)/eventos/page.tsx
/api/admin/fees,app/api/admin/fees/route.ts,app/admin/(protected)/settings/page.tsx
/api/admin/infra/alerts/status,app/api/admin/infra/alerts/status/route.ts,app/admin/(protected)/infra/InfraClient.tsx
/api/admin/infra/cost/summary,app/api/admin/infra/cost/summary/route.ts,app/admin/(protected)/infra/InfraClient.tsx
/api/admin/infra/deploy,app/api/admin/infra/deploy/route.ts,app/admin/(protected)/infra/InfraClient.tsx
/api/admin/infra/hard-pause,app/api/admin/infra/hard-pause/route.ts,app/admin/(protected)/infra/InfraClient.tsx
/api/admin/infra/migrate,app/api/admin/infra/migrate/route.ts,app/admin/(protected)/infra/InfraClient.tsx
/api/admin/infra/mode,app/api/admin/infra/mode/route.ts,app/admin/(protected)/infra/InfraClient.tsx
/api/admin/infra/resume,app/api/admin/infra/resume/route.ts,app/admin/(protected)/infra/InfraClient.tsx
/api/admin/infra/rotate-secrets,app/api/admin/infra/rotate-secrets/route.ts,app/admin/(protected)/infra/InfraClient.tsx
/api/admin/infra/soft-pause,app/api/admin/infra/soft-pause/route.ts,app/admin/(protected)/infra/InfraClient.tsx
/api/admin/infra/start,app/api/admin/infra/start/route.ts,app/admin/(protected)/infra/InfraClient.tsx
/api/admin/infra/status,app/api/admin/infra/status/route.ts,app/admin/(protected)/infra/InfraClient.tsx
/api/admin/infra/usage/summary,app/api/admin/infra/usage/summary/route.ts,app/admin/(protected)/infra/InfraClient.tsx
/api/admin/mfa/enroll,app/api/admin/mfa/enroll/route.ts,app/admin/mfa/MfaChallengeClient.tsx
/api/admin/mfa/reset,app/api/admin/mfa/reset/route.ts,app/admin/mfa/MfaChallengeClient.tsx
/api/admin/mfa/session,app/api/admin/mfa/session/route.ts,app/admin/components/AdminLayout.tsx; app/login/page.tsx
/api/admin/mfa/status,app/api/admin/mfa/status/route.ts,app/admin/(protected)/settings/page.tsx; app/admin/mfa/MfaChallengeClient.tsx
/api/admin/mfa/verify,app/api/admin/mfa/verify/route.ts,app/admin/mfa/MfaChallengeClient.tsx
/api/admin/ops/analytics-rollups,app/api/admin/ops/analytics-rollups/route.ts,app/admin/(protected)/organizacoes/page.tsx
/api/admin/organizacoes/event-log,app/api/admin/organizacoes/event-log/route.ts,app/admin/(protected)/organizacoes/page.tsx
/api/admin/organizacoes/list,app/api/admin/organizacoes/list/route.ts,app/admin/(protected)/organizacoes/page.tsx
/api/admin/organizacoes/refresh-payments-status,app/api/admin/organizacoes/refresh-payments-status/route.ts,app/admin/(protected)/organizacoes/page.tsx
/api/admin/organizacoes/update-payments-mode,app/api/admin/organizacoes/update-payments-mode/route.ts,app/admin/(protected)/organizacoes/page.tsx
/api/admin/organizacoes/update-status,app/api/admin/organizacoes/update-status/route.ts,app/admin/(protected)/organizacoes/page.tsx
/api/admin/organizacoes/verify-platform-email,app/api/admin/organizacoes/verify-platform-email/route.ts,app/admin/(protected)/organizacoes/page.tsx
/api/admin/payments/dispute,app/api/admin/payments/dispute/route.ts,app/admin/(protected)/finance/page.tsx
/api/admin/payments/export,app/api/admin/payments/export/route.ts,app/admin/components/AdminTopActions.tsx
/api/admin/payments/list,app/api/admin/payments/list/route.ts,app/admin/(protected)/finance/page.tsx
/api/admin/payments/overview,app/api/admin/payments/overview/route.ts,app/admin/(protected)/finance/page.tsx
/api/admin/payments/refund,app/api/admin/payments/refund/route.ts,app/admin/(protected)/finance/page.tsx; app/admin/(protected)/tickets/page.tsx
/api/admin/payments/reprocess,app/api/admin/payments/reprocess/route.ts,app/admin/(protected)/finance/page.tsx; app/admin/components/PaymentTools.tsx
/api/admin/refunds/list,app/api/admin/refunds/list/route.ts,app/admin/(protected)/finance/page.tsx
/api/admin/refunds/retry,app/api/admin/refunds/retry/route.ts,app/admin/(protected)/finance/page.tsx
/api/admin/tickets/export,app/api/admin/tickets/export/route.ts,app/admin/components/AdminTopActions.tsx
/api/admin/tickets/list,app/api/admin/tickets/list/route.ts,app/admin/(protected)/tickets/page.tsx
/api/admin/utilizadores/manage,app/api/admin/utilizadores/manage/route.ts,app/admin/(protected)/utilizadores/UsersTableClient.tsx
/api/auth/apple/link,app/api/auth/apple/link/route.ts,app/auth/callback/page.tsx
/api/auth/check-email,app/api/auth/check-email/route.ts,app/components/autenticação/AuthModal.tsx
/api/auth/clear,app/api/auth/clear/route.ts,app/components/autenticação/AuthModal.tsx
/api/auth/login,app/api/auth/login/route.ts,app/components/autenticação/AuthModal.tsx; app/components/checkout/AuthWall.tsx
/api/auth/logout,app/api/auth/logout/route.ts,app/admin/components/AdminLayout.tsx; app/admin/forbidden/ForbiddenClient.tsx; app/components/Navbar.tsx; app/me/settings/page.tsx; app/organizacao/OrganizationTopBar.tsx
/api/auth/me,app/api/auth/me/route.ts,app/components/autenticação/AuthModal.tsx; app/hooks/useUser.ts
/api/auth/password/reset-request,app/api/auth/password/reset-request/route.ts,app/components/autenticação/AuthModal.tsx
/api/auth/refresh,app/api/auth/refresh/route.ts,app/components/autenticação/AuthModal.tsx; app/components/checkout/AuthWall.tsx
/api/auth/send-otp,app/api/auth/send-otp/route.ts,app/components/autenticação/AuthModal.tsx; app/components/checkout/AuthWall.tsx
/api/checkout/resale,app/api/checkout/resale/route.ts,app/resale/[id]/page.tsx
/api/checkout/status,app/api/checkout/status/route.ts,app/components/checkout/Step3Sucesso.tsx
/api/cobrancas/[token]/checkout,app/api/cobrancas/[token]/checkout/route.ts,app/cobrancas/[token]/ChargeClient.tsx
/api/cobrancas/[token],app/api/cobrancas/[token]/route.ts,app/cobrancas/[token]/ChargeClient.tsx
/api/convites/[token]/checkout,app/api/convites/[token]/checkout/route.ts,app/convites/[token]/InviteClient.tsx
/api/convites/[token],app/api/convites/[token]/route.ts,app/convites/[token]/InviteClient.tsx
/api/crm/engagement,app/api/crm/engagement/route.ts,app/components/crm/CrmEngagementTracker.tsx
/api/cron/analytics/rollup,app/api/cron/analytics/rollup/route.ts,
/api/cron/bookings/cleanup,app/api/cron/bookings/cleanup/route.ts,
/api/cron/creditos/expire,app/api/cron/creditos/expire/route.ts,
/api/cron/crm/campanhas,app/api/cron/crm/campanhas/route.ts,
/api/cron/crm/rebuild,app/api/cron/crm/rebuild/route.ts,
/api/cron/entitlements/qr-cleanup,app/api/cron/entitlements/qr-cleanup/route.ts,
/api/cron/loyalty/expire,app/api/cron/loyalty/expire/route.ts,
/api/cron/operations,app/api/cron/operations/route.ts,
/api/cron/padel/expire,app/api/cron/padel/expire/route.ts,
/api/cron/padel/matchmaking,app/api/cron/padel/matchmaking/route.ts,
/api/cron/padel/reminders,app/api/cron/padel/reminders/route.ts,
/api/cron/padel/split-reminders,app/api/cron/padel/split-reminders/route.ts,
/api/cron/padel/tournament-eve,app/api/cron/padel/tournament-eve/route.ts,
/api/cron/padel/waitlist,app/api/cron/padel/waitlist/route.ts,
/api/cron/repair-usernames,app/api/cron/repair-usernames/route.ts,
/api/cron/reservations/cleanup,app/api/cron/reservations/cleanup/route.ts,
/api/email/verified,app/api/email/verified/route.ts,app/components/autenticação/AuthModal.tsx
/api/eventos/[slug]/invite-token,app/api/eventos/[slug]/invite-token/route.ts,app/eventos/[slug]/InviteGateClient.tsx
/api/eventos/[slug]/invites/check,app/api/eventos/[slug]/invites/check/route.ts,app/eventos/[slug]/InviteGateClient.tsx
/api/eventos/[slug]/public,app/api/eventos/[slug]/public/route.ts,
/api/eventos/[slug]/resales,app/api/eventos/[slug]/resales/route.ts,
/api/eventos/list,app/api/eventos/list/route.ts,
/api/eventos/lookup,app/api/eventos/lookup/route.ts,
/api/events/favorites/notify,app/api/events/favorites/notify/route.ts,
/api/events/favorites,app/api/events/favorites/route.ts,
/api/events/favorites/toggle,app/api/events/favorites/toggle/route.ts,
/api/explorar/eventos/[slug],app/api/explorar/eventos/[slug]/route.ts,
/api/explorar/list,app/api/explorar/list/route.ts,app/components/Navbar.tsx; app/descobrir/_explorar/ExplorarContent.tsx
/api/inscricoes/[id]/submit,app/api/inscricoes/[id]/submit/route.ts,app/inscricoes/[id]/FormSubmissionClient.tsx
/api/internal/audit,app/api/internal/audit/route.ts,
/api/internal/checkin/consume,app/api/internal/checkin/consume/route.ts,
/api/internal/checkout/timeline,app/api/internal/checkout/timeline/route.ts,
/api/internal/crm/ingest,app/api/internal/crm/ingest/route.ts,
/api/internal/crm/rebuild,app/api/internal/crm/rebuild/route.ts,
/api/internal/cron/coverage,app/api/internal/cron/coverage/route.ts,
/api/internal/notifications/sweep,app/api/internal/notifications/sweep/route.ts,
/api/internal/ops/dashboard,app/api/internal/ops/dashboard/route.ts,
/api/internal/ops/feed,app/api/internal/ops/feed/route.ts,
/api/internal/ops/health,app/api/internal/ops/health/route.ts,
/api/internal/ops/outbox/replay,app/api/internal/ops/outbox/replay/route.ts,
/api/internal/ops/outbox/summary,app/api/internal/ops/outbox/summary/route.ts,
/api/internal/ops/padel/cleanup,app/api/internal/ops/padel/cleanup/route.ts,
/api/internal/ops/padel/integrity,app/api/internal/ops/padel/integrity/route.ts,
/api/internal/ops/slo,app/api/internal/ops/slo/route.ts,
/api/internal/outbox/dlq,app/api/internal/outbox/dlq/route.ts,
/api/internal/outbox/replay,app/api/internal/outbox/replay/route.ts,
/api/internal/padel/registrations/backfill,app/api/internal/padel/registrations/backfill/route.ts,
/api/internal/ping,app/api/internal/ping/route.ts,
/api/internal/public-api/keys,app/api/internal/public-api/keys/route.ts,
/api/internal/reconcile,app/api/internal/reconcile/route.ts,
/api/internal/reprocess/payment-intent,app/api/internal/reprocess/payment-intent/route.ts,
/api/internal/reprocess/purchase,app/api/internal/reprocess/purchase/route.ts,
/api/internal/reprocess/stripe-event,app/api/internal/reprocess/stripe-event/route.ts,
/api/internal/worker/operations,app/api/internal/worker/operations/route.ts,
/api/livehub/[slug],app/api/livehub/[slug]/route.ts,app/eventos/[slug]/EventLiveClient.tsx
/api/location/ip,app/api/location/ip/route.ts,
/api/maps/apple-token,app/api/maps/apple-token/route.ts,app/components/maps/AppleMapsLoader.tsx
/api/me/agenda,app/api/me/agenda/route.ts,app/agora/page.tsx; app/components/home/HomePersonalized.tsx; app/me/carteira/WalletHubClient.tsx; app/me/page.tsx
/api/me/claim-guest,app/api/me/claim-guest/route.ts,app/auth/callback/page.tsx; app/hooks/useUser.ts
/api/me/consents,app/api/me/consents/route.ts,app/me/settings/page.tsx
/api/me/contact-phone,app/api/me/contact-phone/route.ts,app/[username]/_components/ReservasBookingClient.tsx
/api/me/creditos,app/api/me/creditos/route.ts,
/api/me/dsar/export,app/api/me/dsar/export/route.ts,
/api/me/events/signals,app/api/me/events/signals/route.ts,app/descobrir/_explorar/eventSignals.ts
/api/me/inscricoes/[id],app/api/me/inscricoes/[id]/route.ts,
/api/me/inscricoes,app/api/me/inscricoes/route.ts,
/api/me/location/consent,app/api/me/location/consent/route.ts,
/api/me/loyalty/carteira,app/api/me/loyalty/carteira/route.ts,
/api/me/loyalty/recompensas/[rewardId]/resgatar,app/api/me/loyalty/recompensas/[rewardId]/resgatar/route.ts,app/me/carteira/WalletHubClient.tsx
/api/me/loyalty/recompensas,app/api/me/loyalty/recompensas/route.ts,app/me/carteira/WalletHubClient.tsx
/api/me/notifications/[id]/read,app/api/me/notifications/[id]/read/route.ts,
/api/me/notifications/feed,app/api/me/notifications/feed/route.ts,app/components/Navbar.tsx; app/components/mobile/MobileTopBar.tsx; app/components/notifications/NotificationBell.tsx; app/social/page.tsx
/api/me/notifications/mute,app/api/me/notifications/mute/route.ts,
/api/me/notifications,app/api/me/notifications/route.ts,app/social/page.tsx
/api/me/purchases,app/api/me/purchases/route.ts,app/me/compras/page.tsx
/api/me/purchases/store/[orderId]/invoice,app/api/me/purchases/store/[orderId]/invoice/route.ts,app/me/compras/loja/[orderId]/page.tsx; app/me/compras/loja/page.tsx
/api/me/purchases/store/[orderId]/receipt,app/api/me/purchases/store/[orderId]/receipt/route.ts,app/me/compras/loja/[orderId]/page.tsx; app/me/compras/loja/page.tsx
/api/me/purchases/store/[orderId],app/api/me/purchases/store/[orderId]/route.ts,app/me/compras/loja/[orderId]/page.tsx
/api/me/purchases/store,app/api/me/purchases/store/route.ts,app/me/carteira/WalletHubClient.tsx; app/me/compras/loja/page.tsx
/api/me/push-tokens,app/api/me/push-tokens/route.ts,
/api/me/reservas/[id]/calendar.ics,app/api/me/reservas/[id]/calendar.ics/route.ts,
/api/me/reservas/[id]/cancel/preview,app/api/me/reservas/[id]/cancel/preview/route.ts,app/me/reservas/page.tsx
/api/me/reservas/[id]/cancel,app/api/me/reservas/[id]/cancel/route.ts,app/[username]/_components/ReservasBookingClient.tsx; app/me/reservas/page.tsx
/api/me/reservas/[id]/invites,app/api/me/reservas/[id]/invites/route.ts,app/me/reservas/page.tsx
/api/me/reservas/[id]/reschedule/respond,app/api/me/reservas/[id]/reschedule/respond/route.ts,app/me/reservas/page.tsx
/api/me/reservas/[id]/reschedule,app/api/me/reservas/[id]/reschedule/route.ts,app/me/reservas/page.tsx
/api/me/reservas/[id]/review,app/api/me/reservas/[id]/review/route.ts,app/me/reservas/page.tsx
/api/me/reservas/[id],app/api/me/reservas/[id]/route.ts,app/[username]/_components/ReservasBookingClient.tsx
/api/me/reservas/[id]/split,app/api/me/reservas/[id]/split/route.ts,app/me/reservas/page.tsx
/api/me/reservas,app/api/me/reservas/route.ts,app/me/reservas/page.tsx
/api/me,app/api/me/route.ts,
/api/me/settings/delete/cancel,app/api/me/settings/delete/cancel/route.ts,
/api/me/settings/delete,app/api/me/settings/delete/route.ts,app/me/settings/page.tsx
/api/me/settings/email,app/api/me/settings/email/route.ts,app/me/settings/page.tsx
/api/me/settings/save,app/api/me/settings/save/route.ts,app/me/settings/page.tsx
/api/me/wallet/[entitlementId]/pass,app/api/me/wallet/[entitlementId]/pass/route.ts,
/api/me/wallet/[entitlementId],app/api/me/wallet/[entitlementId]/route.ts,app/me/bilhetes/[id]/TicketDetailClient.tsx
/api/me/wallet,app/api/me/wallet/route.ts,app/components/checkout/Step3Sucesso.tsx; app/components/wallet/useWallet.ts
/api/messages/attachments/presign,app/api/messages/attachments/presign/route.ts,app/organizacao/(dashboard)/chat/ChatInternoV2Client.tsx; app/organizacao/(dashboard)/chat/preview/useChatPreviewData.ts
/api/messages/blocks,app/api/messages/blocks/route.ts,app/organizacao/(dashboard)/chat/preview/useChatPreviewData.ts
/api/messages/conversations/[conversationId]/leave,app/api/messages/conversations/[conversationId]/leave/route.ts,app/organizacao/(dashboard)/chat/preview/useChatPreviewData.ts
/api/messages/conversations/[conversationId]/messages/[messageId],app/api/messages/conversations/[conversationId]/messages/[messageId]/route.ts,
/api/messages/conversations/[conversationId]/messages,app/api/messages/conversations/[conversationId]/messages/route.ts,app/organizacao/(dashboard)/chat/ChatInternoV2Client.tsx; app/organizacao/(dashboard)/chat/preview/useChatPreviewData.ts
/api/messages/conversations/[conversationId]/notifications,app/api/messages/conversations/[conversationId]/notifications/route.ts,app/organizacao/(dashboard)/chat/ChatInternoV2Client.tsx; app/organizacao/(dashboard)/chat/preview/useChatPreviewData.ts
/api/messages/conversations/[conversationId]/read,app/api/messages/conversations/[conversationId]/read/route.ts,app/organizacao/(dashboard)/chat/ChatInternoV2Client.tsx; app/organizacao/(dashboard)/chat/preview/useChatPreviewData.ts
/api/messages/conversations/[conversationId],app/api/messages/conversations/[conversationId]/route.ts,app/organizacao/(dashboard)/chat/preview/useChatPreviewData.ts
/api/messages/conversations/[conversationId]/threads/[messageId],app/api/messages/conversations/[conversationId]/threads/[messageId]/route.ts,
/api/messages/conversations/resolve,app/api/messages/conversations/resolve/route.ts,app/organizacao/(dashboard)/chat/preview/useChatPreviewData.ts
/api/messages/conversations,app/api/messages/conversations/route.ts,app/organizacao/(dashboard)/chat/ChatInternoV2Client.tsx; app/organizacao/(dashboard)/chat/preview/useChatPreviewData.ts
/api/messages/grants/[grantId]/accept,app/api/messages/grants/[grantId]/accept/route.ts,app/organizacao/(dashboard)/chat/ChannelRequestsPanel.tsx; app/organizacao/(dashboard)/chat/ChatInternoV2Client.tsx
/api/messages/grants/[grantId]/cancel,app/api/messages/grants/[grantId]/cancel/route.ts,
/api/messages/grants/[grantId]/decline,app/api/messages/grants/[grantId]/decline/route.ts,app/organizacao/(dashboard)/chat/ChannelRequestsPanel.tsx; app/organizacao/(dashboard)/chat/ChatInternoV2Client.tsx
/api/messages/grants,app/api/messages/grants/route.ts,app/organizacao/(dashboard)/chat/ChannelRequestsPanel.tsx; app/organizacao/(dashboard)/chat/ChatInternoV2Client.tsx
/api/messages/messages/[messageId]/pins,app/api/messages/messages/[messageId]/pins/route.ts,app/organizacao/(dashboard)/chat/preview/useChatPreviewData.ts
/api/messages/messages/[messageId]/reactions,app/api/messages/messages/[messageId]/reactions/route.ts,app/organizacao/(dashboard)/chat/ChatInternoV2Client.tsx; app/organizacao/(dashboard)/chat/preview/useChatPreviewData.ts
/api/messages/messages/[messageId]/report,app/api/messages/messages/[messageId]/report/route.ts,
/api/messages/messages/[messageId],app/api/messages/messages/[messageId]/route.ts,app/organizacao/(dashboard)/chat/ChatInternoV2Client.tsx; app/organizacao/(dashboard)/chat/preview/useChatPreviewData.ts
/api/messages/messages,app/api/messages/messages/route.ts,app/organizacao/(dashboard)/chat/ChatInternoV2Client.tsx; app/organizacao/(dashboard)/chat/preview/useChatPreviewData.ts; app/organizacao/(dashboard)/reservas/page.tsx
/api/messages/search,app/api/messages/search/route.ts,app/organizacao/(dashboard)/chat/ChatInternoV2Client.tsx
/api/notifications/mark-click,app/api/notifications/mark-click/route.ts,app/components/notifications/NotificationBell.tsx; app/social/page.tsx
/api/notifications/mark-read,app/api/notifications/mark-read/route.ts,app/components/notifications/NotificationBell.tsx; app/social/page.tsx
/api/notifications/prefs,app/api/notifications/prefs/route.ts,app/me/settings/page.tsx
/api/org/[orgId]/store/bundles/[id]/items/[itemId],app/api/org/[orgId]/store/bundles/[id]/items/[itemId]/route.ts,
/api/org/[orgId]/store/bundles/[id]/items,app/api/org/[orgId]/store/bundles/[id]/items/route.ts,
/api/org/[orgId]/store/bundles/[id],app/api/org/[orgId]/store/bundles/[id]/route.ts,
/api/org/[orgId]/store/bundles,app/api/org/[orgId]/store/bundles/route.ts,
/api/org/[orgId]/store/categories/[id],app/api/org/[orgId]/store/categories/[id]/route.ts,
/api/org/[orgId]/store/categories,app/api/org/[orgId]/store/categories/route.ts,
/api/org/[orgId]/store/orders/[orderId],app/api/org/[orgId]/store/orders/[orderId]/route.ts,
/api/org/[orgId]/store/orders/[orderId]/shipments,app/api/org/[orgId]/store/orders/[orderId]/shipments/route.ts,
/api/org/[orgId]/store/orders,app/api/org/[orgId]/store/orders/route.ts,
/api/org/[orgId]/store/overview,app/api/org/[orgId]/store/overview/route.ts,
/api/org/[orgId]/store/preview,app/api/org/[orgId]/store/preview/route.ts,app/organizacao/OrganizationPublicProfilePanel.tsx
/api/org/[orgId]/store/products/[id]/digital-assets/[assetId],app/api/org/[orgId]/store/products/[id]/digital-assets/[assetId]/route.ts,
/api/org/[orgId]/store/products/[id]/digital-assets,app/api/org/[orgId]/store/products/[id]/digital-assets/route.ts,
/api/org/[orgId]/store/products/[id]/images/[imageId],app/api/org/[orgId]/store/products/[id]/images/[imageId]/route.ts,
/api/org/[orgId]/store/products/[id]/images,app/api/org/[orgId]/store/products/[id]/images/route.ts,
/api/org/[orgId]/store/products/[id]/options/[optionId],app/api/org/[orgId]/store/products/[id]/options/[optionId]/route.ts,
/api/org/[orgId]/store/products/[id]/options/[optionId]/values/[valueId],app/api/org/[orgId]/store/products/[id]/options/[optionId]/values/[valueId]/route.ts,
/api/org/[orgId]/store/products/[id]/options/[optionId]/values,app/api/org/[orgId]/store/products/[id]/options/[optionId]/values/route.ts,
/api/org/[orgId]/store/products/[id]/options,app/api/org/[orgId]/store/products/[id]/options/route.ts,
/api/org/[orgId]/store/products/[id],app/api/org/[orgId]/store/products/[id]/route.ts,
/api/org/[orgId]/store/products/[id]/variants/[variantId],app/api/org/[orgId]/store/products/[id]/variants/[variantId]/route.ts,
/api/org/[orgId]/store/products/[id]/variants,app/api/org/[orgId]/store/products/[id]/variants/route.ts,
/api/org/[orgId]/store/products,app/api/org/[orgId]/store/products/route.ts,
/api/org/[orgId]/store,app/api/org/[orgId]/store/route.ts,app/org/[orgId]/loja/page.tsx
/api/org/[orgId]/store/settings,app/api/org/[orgId]/store/settings/route.ts,
/api/org/[orgId]/store/shipments/[shipmentId],app/api/org/[orgId]/store/shipments/[shipmentId]/route.ts,
/api/org/[orgId]/store/shipping/methods/[methodId],app/api/org/[orgId]/store/shipping/methods/[methodId]/route.ts,
/api/org/[orgId]/store/shipping/methods/[methodId]/tiers,app/api/org/[orgId]/store/shipping/methods/[methodId]/tiers/route.ts,
/api/org/[orgId]/store/shipping/settings,app/api/org/[orgId]/store/shipping/settings/route.ts,
/api/org/[orgId]/store/shipping/tiers/[tierId],app/api/org/[orgId]/store/shipping/tiers/[tierId]/route.ts,
/api/org/[orgId]/store/shipping/zones/[zoneId]/methods,app/api/org/[orgId]/store/shipping/zones/[zoneId]/methods/route.ts,
/api/org/[orgId]/store/shipping/zones/[zoneId],app/api/org/[orgId]/store/shipping/zones/[zoneId]/route.ts,
/api/org/[orgId]/store/shipping/zones,app/api/org/[orgId]/store/shipping/zones/route.ts,
/api/organizacao/agenda,app/api/organizacao/agenda/route.ts,
/api/organizacao/agenda/soft-blocks,app/api/organizacao/agenda/soft-blocks/route.ts,
/api/organizacao/analytics/buyers,app/api/organizacao/analytics/buyers/route.ts,app/organizacao/DashboardClient.tsx
/api/organizacao/analytics/dimensoes,app/api/organizacao/analytics/dimensoes/route.ts,app/organizacao/DashboardClient.tsx
/api/organizacao/analytics/overview,app/api/organizacao/analytics/overview/route.ts,app/organizacao/(dashboard)/padel/PadelHubClient.tsx; app/organizacao/DashboardClient.tsx
/api/organizacao/analytics/time-series,app/api/organizacao/analytics/time-series/route.ts,app/organizacao/DashboardClient.tsx
/api/organizacao/audit,app/api/organizacao/audit/route.ts,app/organizacao/(dashboard)/staff/page.tsx
/api/organizacao/avaliacoes,app/api/organizacao/avaliacoes/route.ts,app/organizacao/OrganizationPublicProfilePanel.tsx
/api/organizacao/become,app/api/organizacao/become/route.ts,
/api/organizacao/checkin/preview,app/api/organizacao/checkin/preview/route.ts,app/components/checkin/CheckinScanner.tsx
/api/organizacao/checkin,app/api/organizacao/checkin/route.ts,app/components/checkin/CheckinScanner.tsx
/api/organizacao/club/finance/overview,app/api/organizacao/club/finance/overview/route.ts,app/organizacao/(dashboard)/clube/caixa/page.tsx
/api/organizacao/consentimentos/[userId],app/api/organizacao/consentimentos/[userId]/route.ts,app/organizacao/(dashboard)/crm/clientes/[customerId]/page.tsx
/api/organizacao/consentimentos,app/api/organizacao/consentimentos/route.ts,
/api/organizacao/crm/campanhas/[campaignId]/enviar,app/api/organizacao/crm/campanhas/[campaignId]/enviar/route.ts,app/organizacao/(dashboard)/crm/campanhas/page.tsx
/api/organizacao/crm/campanhas,app/api/organizacao/crm/campanhas/route.ts,app/organizacao/(dashboard)/crm/campanhas/page.tsx
/api/organizacao/crm/clientes/[customerId]/notas,app/api/organizacao/crm/clientes/[customerId]/notas/route.ts,app/organizacao/(dashboard)/crm/clientes/[customerId]/page.tsx
/api/organizacao/crm/clientes/[customerId],app/api/organizacao/crm/clientes/[customerId]/route.ts,app/organizacao/(dashboard)/crm/clientes/[customerId]/page.tsx
/api/organizacao/crm/clientes/[customerId]/tags,app/api/organizacao/crm/clientes/[customerId]/tags/route.ts,app/organizacao/(dashboard)/crm/clientes/[customerId]/page.tsx
/api/organizacao/crm/clientes,app/api/organizacao/crm/clientes/route.ts,app/organizacao/(dashboard)/crm/clientes/page.tsx
/api/organizacao/crm/relatorios,app/api/organizacao/crm/relatorios/route.ts,app/organizacao/(dashboard)/crm/relatorios/page.tsx
/api/organizacao/crm/segmentos/[segmentId]/preview,app/api/organizacao/crm/segmentos/[segmentId]/preview/route.ts,app/organizacao/(dashboard)/crm/segmentos/[segmentId]/page.tsx
/api/organizacao/crm/segmentos/[segmentId],app/api/organizacao/crm/segmentos/[segmentId]/route.ts,app/organizacao/(dashboard)/crm/segmentos/[segmentId]/page.tsx
/api/organizacao/crm/segmentos,app/api/organizacao/crm/segmentos/route.ts,app/organizacao/(dashboard)/crm/campanhas/page.tsx; app/organizacao/(dashboard)/crm/segmentos/page.tsx
/api/organizacao/events/[id]/attendees,app/api/organizacao/events/[id]/attendees/route.ts,app/organizacao/(dashboard)/eventos/[id]/EventAttendeesPanel.tsx
/api/organizacao/events/[id]/invite-token,app/api/organizacao/events/[id]/invite-token/route.ts,
/api/organizacao/events/[id]/invites,app/api/organizacao/events/[id]/invites/route.ts,app/organizacao/(dashboard)/eventos/EventEditClient.tsx
/api/organizacao/events/[id]/refund,app/api/organizacao/events/[id]/refund/route.ts,app/organizacao/(dashboard)/eventos/[id]/EventAttendeesPanel.tsx
/api/organizacao/events/create,app/api/organizacao/events/create/route.ts,app/organizacao/(dashboard)/eventos/novo/page.tsx; app/organizacao/(dashboard)/padel/torneios/novo/PadelTournamentWizardClient.tsx
/api/organizacao/events/list,app/api/organizacao/events/list/route.ts,app/components/checkin/CheckinScanner.tsx; app/organizacao/(dashboard)/categorias/page.tsx; app/organizacao/(dashboard)/padel/PadelHubClient.tsx; app/organizacao/DashboardClient.tsx
/api/organizacao/events/summary,app/api/organizacao/events/summary/route.ts,app/organizacao/DashboardClient.tsx
/api/organizacao/events/update,app/api/organizacao/events/update/route.ts,app/eventos/[slug]/EventLiveClient.tsx; app/organizacao/(dashboard)/eventos/EventEditClient.tsx; app/organizacao/(dashboard)/eventos/EventLivePrepClient.tsx; app/organizacao/DashboardClient.tsx
/api/organizacao/faturacao,app/api/organizacao/faturacao/route.ts,
/api/organizacao/finance/exports/fees,app/api/organizacao/finance/exports/fees/route.ts,app/organizacao/DashboardClient.tsx
/api/organizacao/finance/exports/ledger,app/api/organizacao/finance/exports/ledger/route.ts,app/organizacao/DashboardClient.tsx
/api/organizacao/finance/exports/payouts,app/api/organizacao/finance/exports/payouts/route.ts,app/organizacao/DashboardClient.tsx
/api/organizacao/finance/invoicing,app/api/organizacao/finance/invoicing/route.ts,app/organizacao/DashboardClient.tsx
/api/organizacao/finance/overview,app/api/organizacao/finance/overview/route.ts,app/organizacao/DashboardClient.tsx
/api/organizacao/finance/reconciliation,app/api/organizacao/finance/reconciliation/route.ts,app/organizacao/pagamentos/ReconciliationPanel.tsx
/api/organizacao/inscricoes/[id]/export,app/api/organizacao/inscricoes/[id]/export/route.ts,app/organizacao/(dashboard)/inscricoes/[id]/page.tsx
/api/organizacao/inscricoes/[id],app/api/organizacao/inscricoes/[id]/route.ts,app/organizacao/(dashboard)/inscricoes/[id]/page.tsx; app/organizacao/(dashboard)/inscricoes/page.tsx
/api/organizacao/inscricoes/[id]/submissions,app/api/organizacao/inscricoes/[id]/submissions/route.ts,app/organizacao/(dashboard)/inscricoes/[id]/page.tsx
/api/organizacao/inscricoes/[id]/summary,app/api/organizacao/inscricoes/[id]/summary/route.ts,app/organizacao/(dashboard)/inscricoes/[id]/page.tsx
/api/organizacao/inscricoes,app/api/organizacao/inscricoes/route.ts,app/organizacao/(dashboard)/inscricoes/page.tsx; app/organizacao/OrganizationPublicProfilePanel.tsx
/api/organizacao/invites,app/api/organizacao/invites/route.ts,app/convites/organizacoes/OrganizationInvitesClient.tsx
/api/organizacao/loyalty/programa,app/api/organizacao/loyalty/programa/route.ts,app/organizacao/(dashboard)/crm/loyalty/page.tsx
/api/organizacao/loyalty/recompensas,app/api/organizacao/loyalty/recompensas/route.ts,app/organizacao/(dashboard)/crm/loyalty/page.tsx
/api/organizacao/loyalty/regras,app/api/organizacao/loyalty/regras/route.ts,app/organizacao/(dashboard)/crm/loyalty/page.tsx
/api/organizacao/marketing/overview,app/api/organizacao/marketing/overview/route.ts,app/organizacao/DashboardClient.tsx
/api/organizacao/me,app/api/organizacao/me/route.ts,app/organizacao/(dashboard)/eventos/EventEditClient.tsx; app/organizacao/(dashboard)/eventos/[id]/PadelTournamentTabs.tsx; app/organizacao/(dashboard)/eventos/novo/page.tsx; app/organizacao/(dashboard)/reservas/page.tsx; app/organizacao/(dashboard)/settings/page.tsx; app/organizacao/(dashboard)/staff/page.tsx; app/organizacao/DashboardClient.tsx; app/organizacao/ObjectiveSubnav.tsx; app/organizacao/OrganizationDashboardShell.tsx; app/organizacao/OrganizationPublicProfilePanel.tsx; app/organizacao/OrganizationTopBar.tsx; app/organizacao/pagamentos/FinanceAlertsPanel.tsx
/api/organizacao/ops/feed,app/api/organizacao/ops/feed/route.ts,app/organizacao/DashboardClient.tsx
/api/organizacao/organizations/[id],app/api/organizacao/organizations/[id]/route.ts,app/organizacao/(dashboard)/settings/page.tsx
/api/organizacao/organizations/leave,app/api/organizacao/organizations/leave/route.ts,app/organizacao/(dashboard)/staff/page.tsx
/api/organizacao/organizations/members/invites,app/api/organizacao/organizations/members/invites/route.ts,app/convites/organizacoes/OrganizationInvitesClient.tsx; app/organizacao/(dashboard)/padel/PadelHubClient.tsx; app/organizacao/(dashboard)/staff/page.tsx; app/social/page.tsx
/api/organizacao/organizations/members/permissions,app/api/organizacao/organizations/members/permissions/route.ts,app/organizacao/(dashboard)/staff/page.tsx
/api/organizacao/organizations/members,app/api/organizacao/organizations/members/route.ts,app/organizacao/(dashboard)/chat/ChatInternoV2Client.tsx; app/organizacao/(dashboard)/chat/preview/useChatPreviewData.ts; app/organizacao/(dashboard)/padel/PadelHubClient.tsx; app/organizacao/(dashboard)/reservas/profissionais/page.tsx; app/organizacao/(dashboard)/staff/page.tsx; app/organizacao/DashboardClient.tsx; app/organizacao/promo/PromoCodesClient.tsx
/api/organizacao/organizations/owner/confirm,app/api/organizacao/organizations/owner/confirm/route.ts,
/api/organizacao/organizations/owner/transfer,app/api/organizacao/organizations/owner/transfer/route.ts,app/organizacao/(dashboard)/staff/page.tsx
/api/organizacao/organizations,app/api/organizacao/organizations/route.ts,app/me/page.tsx; app/organizacao/organizations/OrganizationsHubClient.tsx; components/organization/BecomeOrganizationForm.tsx
/api/organizacao/organizations/settings/official-email/confirm,app/api/organizacao/organizations/settings/official-email/confirm/route.ts,app/organizacao/(dashboard)/settings/verify/page.tsx
/api/organizacao/organizations/settings/official-email,app/api/organizacao/organizations/settings/official-email/route.ts,app/organizacao/(dashboard)/settings/page.tsx
/api/organizacao/organizations/switch,app/api/organizacao/organizations/switch/route.ts,app/convites/organizacoes/OrganizationInvitesClient.tsx; app/organizacao/OrganizationDashboardShell.tsx; app/organizacao/OrganizationTopBar.tsx; app/organizacao/organizations/OrganizationsHubClient.tsx; components/organization/BecomeOrganizationForm.tsx
/api/organizacao/padel/analytics,app/api/organizacao/padel/analytics/route.ts,app/organizacao/(dashboard)/eventos/[id]/PadelTournamentTabs.tsx
/api/organizacao/padel/audit,app/api/organizacao/padel/audit/route.ts,app/organizacao/(dashboard)/eventos/[id]/PadelTournamentTabs.tsx
/api/organizacao/padel/broadcast,app/api/organizacao/padel/broadcast/route.ts,app/organizacao/(dashboard)/eventos/[id]/PadelTournamentTabs.tsx
/api/organizacao/padel/courts,app/api/organizacao/padel/courts/route.ts,
/api/organizacao/padel/exports/analytics,app/api/organizacao/padel/exports/analytics/route.ts,app/organizacao/(dashboard)/eventos/[id]/PadelTournamentTabs.tsx
/api/organizacao/padel/exports/bracket,app/api/organizacao/padel/exports/bracket/route.ts,app/organizacao/(dashboard)/eventos/[id]/PadelTournamentTabs.tsx
/api/organizacao/padel/exports/calendario,app/api/organizacao/padel/exports/calendario/route.ts,app/organizacao/(dashboard)/eventos/[id]/PadelTournamentTabs.tsx; app/organizacao/(dashboard)/padel/PadelHubClient.tsx
/api/organizacao/padel/exports/inscritos,app/api/organizacao/padel/exports/inscritos/route.ts,app/organizacao/(dashboard)/eventos/[id]/PadelTournamentTabs.tsx
/api/organizacao/padel/exports/resultados,app/api/organizacao/padel/exports/resultados/route.ts,app/organizacao/(dashboard)/eventos/[id]/PadelTournamentTabs.tsx
/api/organizacao/padel/imports/inscritos,app/api/organizacao/padel/imports/inscritos/route.ts,app/organizacao/(dashboard)/eventos/[id]/PadelTournamentTabs.tsx
/api/organizacao/padel/pairings/swap,app/api/organizacao/padel/pairings/swap/route.ts,app/organizacao/(dashboard)/eventos/[id]/PadelTournamentTabs.tsx
/api/organizacao/padel/waitlist/promote,app/api/organizacao/padel/waitlist/promote/route.ts,app/organizacao/(dashboard)/eventos/[id]/PadelTournamentTabs.tsx
/api/organizacao/padel/waitlist,app/api/organizacao/padel/waitlist/route.ts,app/organizacao/(dashboard)/eventos/[id]/PadelTournamentTabs.tsx
/api/organizacao/pagamentos/invoices,app/api/organizacao/pagamentos/invoices/route.ts,app/organizacao/pagamentos/invoices/invoices-client.tsx
/api/organizacao/payouts/connect,app/api/organizacao/payouts/connect/route.ts,app/organizacao/DashboardClient.tsx
/api/organizacao/payouts/list,app/api/organizacao/payouts/list/route.ts,app/organizacao/pagamentos/PayoutsPanel.tsx
/api/organizacao/payouts/settings,app/api/organizacao/payouts/settings/route.ts,app/organizacao/DashboardClient.tsx
/api/organizacao/payouts/status,app/api/organizacao/payouts/status/route.ts,app/organizacao/DashboardClient.tsx
/api/organizacao/payouts/summary,app/api/organizacao/payouts/summary/route.ts,app/organizacao/DashboardClient.tsx
/api/organizacao/payouts/webhook,app/api/organizacao/payouts/webhook/route.ts,
/api/organizacao/policies/[id],app/api/organizacao/policies/[id]/route.ts,app/organizacao/(dashboard)/reservas/politicas/page.tsx
/api/organizacao/policies,app/api/organizacao/policies/route.ts,app/organizacao/(dashboard)/reservas/[id]/page.tsx; app/organizacao/(dashboard)/reservas/politicas/page.tsx
/api/organizacao/promo/[id],app/api/organizacao/promo/[id]/route.ts,app/organizacao/promo/PromoCodesClient.tsx
/api/organizacao/promo,app/api/organizacao/promo/route.ts,app/organizacao/DashboardClient.tsx; app/organizacao/promo/PromoCodesClient.tsx
/api/organizacao/refunds/list,app/api/organizacao/refunds/list/route.ts,app/organizacao/pagamentos/RefundsPanel.tsx
/api/organizacao/reservas/[id]/cancel,app/api/organizacao/reservas/[id]/cancel/route.ts,app/organizacao/(dashboard)/reservas/page.tsx
/api/organizacao/reservas/[id]/charges,app/api/organizacao/reservas/[id]/charges/route.ts,app/organizacao/(dashboard)/reservas/_components/BookingChargesPanel.tsx
/api/organizacao/reservas/[id]/checkout,app/api/organizacao/reservas/[id]/checkout/route.ts,app/organizacao/(dashboard)/reservas/page.tsx
/api/organizacao/reservas/[id]/invites,app/api/organizacao/reservas/[id]/invites/route.ts,app/organizacao/(dashboard)/reservas/page.tsx
/api/organizacao/reservas/[id]/no-show,app/api/organizacao/reservas/[id]/no-show/route.ts,app/organizacao/(dashboard)/reservas/page.tsx
/api/organizacao/reservas/[id]/participants,app/api/organizacao/reservas/[id]/participants/route.ts,app/organizacao/(dashboard)/reservas/page.tsx
/api/organizacao/reservas/[id]/reschedule,app/api/organizacao/reservas/[id]/reschedule/route.ts,app/organizacao/(dashboard)/reservas/page.tsx
/api/organizacao/reservas/[id]/split,app/api/organizacao/reservas/[id]/split/route.ts,app/organizacao/(dashboard)/reservas/page.tsx
/api/organizacao/reservas/clientes,app/api/organizacao/reservas/clientes/route.ts,app/organizacao/(dashboard)/reservas/clientes/page.tsx; app/organizacao/(dashboard)/reservas/page.tsx
/api/organizacao/reservas/delays,app/api/organizacao/reservas/delays/route.ts,app/organizacao/(dashboard)/reservas/page.tsx
/api/organizacao/reservas/disponibilidade/[overrideId],app/api/organizacao/reservas/disponibilidade/[overrideId]/route.ts,app/organizacao/(dashboard)/reservas/_components/AvailabilityEditor.tsx
/api/organizacao/reservas/disponibilidade,app/api/organizacao/reservas/disponibilidade/route.ts,app/organizacao/(dashboard)/reservas/_components/AvailabilityEditor.tsx
/api/organizacao/reservas/profissionais/[id],app/api/organizacao/reservas/profissionais/[id]/route.ts,app/organizacao/(dashboard)/reservas/profissionais/page.tsx
/api/organizacao/reservas/profissionais,app/api/organizacao/reservas/profissionais/route.ts,app/organizacao/(dashboard)/reservas/[id]/page.tsx; app/organizacao/(dashboard)/reservas/page.tsx; app/organizacao/(dashboard)/reservas/profissionais/[id]/page.tsx; app/organizacao/(dashboard)/reservas/profissionais/page.tsx; app/organizacao/OrganizationPublicProfilePanel.tsx
/api/organizacao/reservas/recursos/[id],app/api/organizacao/reservas/recursos/[id]/route.ts,app/organizacao/(dashboard)/reservas/recursos/page.tsx
/api/organizacao/reservas/recursos,app/api/organizacao/reservas/recursos/route.ts,app/organizacao/(dashboard)/reservas/[id]/page.tsx; app/organizacao/(dashboard)/reservas/page.tsx; app/organizacao/(dashboard)/reservas/recursos/[id]/page.tsx; app/organizacao/(dashboard)/reservas/recursos/page.tsx; app/organizacao/OrganizationPublicProfilePanel.tsx
/api/organizacao/reservas,app/api/organizacao/reservas/route.ts,app/organizacao/(dashboard)/reservas/page.tsx; app/organizacao/DashboardClient.tsx
/api/organizacao/reservas/summary,app/api/organizacao/reservas/summary/route.ts,app/organizacao/DashboardClient.tsx
/api/organizacao/servicos/[id]/addons/[addonId],app/api/organizacao/servicos/[id]/addons/[addonId]/route.ts,app/organizacao/(dashboard)/reservas/[id]/page.tsx
/api/organizacao/servicos/[id]/addons,app/api/organizacao/servicos/[id]/addons/route.ts,app/organizacao/(dashboard)/reservas/[id]/page.tsx
/api/organizacao/servicos/[id]/class-series/[seriesId],app/api/organizacao/servicos/[id]/class-series/[seriesId]/route.ts,app/organizacao/(dashboard)/reservas/[id]/page.tsx
/api/organizacao/servicos/[id]/class-series,app/api/organizacao/servicos/[id]/class-series/route.ts,app/organizacao/(dashboard)/reservas/[id]/page.tsx
/api/organizacao/servicos/[id]/class-sessions,app/api/organizacao/servicos/[id]/class-sessions/route.ts,app/organizacao/(dashboard)/reservas/[id]/page.tsx
/api/organizacao/servicos/[id]/disponibilidade/[availabilityId],app/api/organizacao/servicos/[id]/disponibilidade/[availabilityId]/route.ts,
/api/organizacao/servicos/[id]/disponibilidade,app/api/organizacao/servicos/[id]/disponibilidade/route.ts,
/api/organizacao/servicos/[id]/packages/[packageId],app/api/organizacao/servicos/[id]/packages/[packageId]/route.ts,app/organizacao/(dashboard)/reservas/[id]/page.tsx
/api/organizacao/servicos/[id]/packages,app/api/organizacao/servicos/[id]/packages/route.ts,app/organizacao/(dashboard)/reservas/[id]/page.tsx
/api/organizacao/servicos/[id]/packs/[packId],app/api/organizacao/servicos/[id]/packs/[packId]/route.ts,app/organizacao/(dashboard)/reservas/[id]/page.tsx
/api/organizacao/servicos/[id]/packs,app/api/organizacao/servicos/[id]/packs/route.ts,app/organizacao/(dashboard)/reservas/[id]/page.tsx
/api/organizacao/servicos/[id],app/api/organizacao/servicos/[id]/route.ts,app/organizacao/(dashboard)/reservas/[id]/page.tsx
/api/organizacao/servicos,app/api/organizacao/servicos/route.ts,app/organizacao/(dashboard)/padel/PadelHubClient.tsx; app/organizacao/(dashboard)/reservas/novo/page.tsx; app/organizacao/(dashboard)/reservas/page.tsx; app/organizacao/(dashboard)/reservas/servicos/page.tsx; app/organizacao/DashboardClient.tsx
/api/organizacao/tournaments/[id]/featured-match,app/api/organizacao/tournaments/[id]/featured-match/route.ts,app/eventos/[slug]/EventLiveClient.tsx
/api/organizacao/tournaments/[id]/finance,app/api/organizacao/tournaments/[id]/finance/route.ts,
/api/organizacao/tournaments/[id]/generate,app/api/organizacao/tournaments/[id]/generate/route.ts,app/organizacao/(dashboard)/tournaments/[id]/live/page.tsx
/api/organizacao/tournaments/[id]/live,app/api/organizacao/tournaments/[id]/live/route.ts,app/organizacao/(dashboard)/tournaments/[id]/live/page.tsx
/api/organizacao/tournaments/[id]/matches/[matchId]/edit,app/api/organizacao/tournaments/[id]/matches/[matchId]/edit/route.ts,
/api/organizacao/tournaments/[id]/matches/[matchId]/notify,app/api/organizacao/tournaments/[id]/matches/[matchId]/notify/route.ts,
/api/organizacao/tournaments/[id]/matches/[matchId]/result,app/api/organizacao/tournaments/[id]/matches/[matchId]/result/route.ts,app/eventos/[slug]/EventLiveClient.tsx
/api/organizacao/tournaments/[id]/matches/[matchId]/undo,app/api/organizacao/tournaments/[id]/matches/[matchId]/undo/route.ts,app/eventos/[slug]/EventLiveClient.tsx
/api/organizacao/tournaments/[id]/matches/schedule,app/api/organizacao/tournaments/[id]/matches/schedule/route.ts,
/api/organizacao/tournaments/[id]/participants,app/api/organizacao/tournaments/[id]/participants/route.ts,app/organizacao/(dashboard)/tournaments/[id]/live/page.tsx
/api/organizacao/tournaments/[id],app/api/organizacao/tournaments/[id]/route.ts,
/api/organizacao/tournaments/[id]/rules,app/api/organizacao/tournaments/[id]/rules/route.ts,app/eventos/[slug]/EventLiveClient.tsx
/api/organizacao/tournaments/[id]/sponsors,app/api/organizacao/tournaments/[id]/sponsors/route.ts,app/eventos/[slug]/EventLiveClient.tsx
/api/organizacao/tournaments/[id]/structure,app/api/organizacao/tournaments/[id]/structure/route.ts,
/api/organizacao/tournaments/create,app/api/organizacao/tournaments/create/route.ts,app/organizacao/(dashboard)/eventos/EventLivePrepClient.tsx
/api/organizacao/tournaments/list,app/api/organizacao/tournaments/list/route.ts,
/api/organizacao/trainers/profile,app/api/organizacao/trainers/profile/route.ts,app/organizacao/(dashboard)/treinadores/page.tsx
/api/organizacao/trainers,app/api/organizacao/trainers/route.ts,app/organizacao/(dashboard)/padel/PadelHubClient.tsx; app/organizacao/(dashboard)/staff/page.tsx
/api/organizacao/username,app/api/organizacao/username/route.ts,app/organizacao/OrganizationPublicProfilePanel.tsx
/api/organizacao/venues/recent,app/api/organizacao/venues/recent/route.ts,
/api/organizations/search,app/api/organizations/search/route.ts,app/components/Navbar.tsx; app/social/page.tsx
/api/padel/calendar/auto-schedule,app/api/padel/calendar/auto-schedule/route.ts,app/organizacao/(dashboard)/padel/PadelHubClient.tsx
/api/padel/calendar,app/api/padel/calendar/route.ts,app/organizacao/(dashboard)/padel/PadelHubClient.tsx
/api/padel/categories/my,app/api/padel/categories/my/route.ts,app/organizacao/(dashboard)/eventos/EventEditClient.tsx; app/organizacao/(dashboard)/eventos/novo/page.tsx; app/organizacao/(dashboard)/padel/PadelHubClient.tsx; app/organizacao/(dashboard)/padel/torneios/novo/PadelTournamentWizardClient.tsx
/api/padel/clubs/[id]/courts,app/api/padel/clubs/[id]/courts/route.ts,app/organizacao/(dashboard)/eventos/novo/page.tsx; app/organizacao/(dashboard)/padel/PadelHubClient.tsx; app/organizacao/(dashboard)/padel/torneios/novo/PadelTournamentWizardClient.tsx; app/organizacao/(dashboard)/reservas/[id]/page.tsx; app/organizacao/(dashboard)/reservas/page.tsx
/api/padel/clubs/[id]/staff,app/api/padel/clubs/[id]/staff/route.ts,app/organizacao/(dashboard)/eventos/novo/page.tsx; app/organizacao/(dashboard)/padel/PadelHubClient.tsx
/api/padel/clubs,app/api/padel/clubs/route.ts,app/organizacao/(dashboard)/eventos/novo/page.tsx; app/organizacao/(dashboard)/padel/PadelHubClient.tsx; app/organizacao/(dashboard)/padel/PadelHubSection.tsx; app/organizacao/(dashboard)/padel/torneios/novo/PadelTournamentWizardClient.tsx; app/organizacao/(dashboard)/reservas/[id]/page.tsx; app/organizacao/(dashboard)/reservas/page.tsx
/api/padel/community/posts/[id]/comments,app/api/padel/community/posts/[id]/comments/route.ts,
/api/padel/community/posts/[id]/reactions,app/api/padel/community/posts/[id]/reactions/route.ts,
/api/padel/community/posts,app/api/padel/community/posts/route.ts,app/organizacao/(dashboard)/padel/PadelHubClient.tsx
/api/padel/discover,app/api/padel/discover/route.ts,
/api/padel/event-categories,app/api/padel/event-categories/route.ts,app/organizacao/(dashboard)/eventos/EventEditClient.tsx; app/organizacao/(dashboard)/padel/PadelHubClient.tsx
/api/padel/live,app/api/padel/live/route.ts,app/eventos/[slug]/PadelPublicTablesClient.tsx; app/eventos/[slug]/monitor/PadelMonitorClient.tsx; app/eventos/[slug]/score/PadelScoreboardClient.tsx; app/widgets/padel/bracket/BracketWidgetClient.tsx; app/widgets/padel/calendar/CalendarWidgetClient.tsx; app/widgets/padel/next/NextMatchesWidgetClient.tsx; app/widgets/padel/standings/StandingsWidgetClient.tsx
/api/padel/matches/[id]/delay,app/api/padel/matches/[id]/delay/route.ts,app/eventos/[slug]/monitor/PadelMonitorClient.tsx; app/organizacao/(dashboard)/padel/PadelHubClient.tsx
/api/padel/matches/[id]/dispute,app/api/padel/matches/[id]/dispute/route.ts,app/[username]/padel/PadelDisputeButton.tsx; app/eventos/[slug]/EventLiveClient.tsx; app/organizacao/(dashboard)/eventos/[id]/PadelTournamentTabs.tsx
/api/padel/matches/[id]/undo,app/api/padel/matches/[id]/undo/route.ts,app/eventos/[slug]/EventLiveClient.tsx
/api/padel/matches/[id]/walkover,app/api/padel/matches/[id]/walkover/route.ts,
/api/padel/matches/assign,app/api/padel/matches/assign/route.ts,app/organizacao/(dashboard)/eventos/[id]/PadelTournamentTabs.tsx
/api/padel/matches/generate,app/api/padel/matches/generate/route.ts,app/organizacao/(dashboard)/eventos/[id]/PadelTournamentTabs.tsx
/api/padel/matches,app/api/padel/matches/route.ts,app/eventos/[slug]/EventLiveClient.tsx; app/eventos/[slug]/PadelPublicTablesClient.tsx; app/eventos/[slug]/monitor/PadelMonitorClient.tsx; app/organizacao/(dashboard)/eventos/[id]/PadelTournamentTabs.tsx; app/widgets/padel/bracket/BracketWidgetClient.tsx; app/widgets/padel/calendar/CalendarWidgetClient.tsx; app/widgets/padel/next/NextMatchesWidgetClient.tsx
/api/padel/me/matches,app/api/padel/me/matches/route.ts,
/api/padel/me/summary,app/api/padel/me/summary/route.ts,
/api/padel/onboarding,app/api/padel/onboarding/route.ts,app/me/page.tsx; app/onboarding/padel/page.tsx
/api/padel/ops/summary,app/api/padel/ops/summary/route.ts,app/organizacao/(dashboard)/padel/PadelHubClient.tsx
/api/padel/pairings/[id]/accept,app/api/padel/pairings/[id]/accept/route.ts,
/api/padel/pairings/[id]/assume,app/api/padel/pairings/[id]/assume/route.ts,
/api/padel/pairings/[id]/cancel,app/api/padel/pairings/[id]/cancel/route.ts,
/api/padel/pairings/[id]/checkout,app/api/padel/pairings/[id]/checkout/route.ts,
/api/padel/pairings/[id]/decline,app/api/padel/pairings/[id]/decline/route.ts,
/api/padel/pairings/[id]/invite,app/api/padel/pairings/[id]/invite/route.ts,
/api/padel/pairings/[id]/public,app/api/padel/pairings/[id]/public/route.ts,
/api/padel/pairings/[id]/regularize,app/api/padel/pairings/[id]/regularize/route.ts,
/api/padel/pairings/[id]/reopen,app/api/padel/pairings/[id]/reopen/route.ts,
/api/padel/pairings/[id]/swap,app/api/padel/pairings/[id]/swap/route.ts,
/api/padel/pairings/claim/[token],app/api/padel/pairings/claim/[token]/route.ts,app/eventos/[slug]/EventPageClient.tsx
/api/padel/pairings/invite-status,app/api/padel/pairings/invite-status/route.ts,app/components/notifications/PairingInviteCard.tsx; app/me/bilhetes/[id]/TicketDetailClient.tsx
/api/padel/pairings/my,app/api/padel/pairings/my/route.ts,
/api/padel/pairings/open,app/api/padel/pairings/open/route.ts,app/descobrir/_explorar/ExplorarContent.tsx
/api/padel/pairings,app/api/padel/pairings/route.ts,app/components/checkout/Step1Bilhete.tsx; app/eventos/[slug]/EventPageClient.tsx; app/eventos/[slug]/PadelSignupInline.tsx; app/organizacao/(dashboard)/eventos/[id]/PadelTournamentTabs.tsx
/api/padel/players,app/api/padel/players/route.ts,app/organizacao/(dashboard)/padel/PadelHubSection.tsx
/api/padel/public/calendar,app/api/padel/public/calendar/route.ts,app/eventos/[slug]/calendario/page.tsx
/api/padel/public/clubs,app/api/padel/public/clubs/route.ts,app/organizacao/(dashboard)/eventos/novo/page.tsx
/api/padel/public/open-pairings,app/api/padel/public/open-pairings/route.ts,app/padel/duplas/PadelOpenPairingsClient.tsx
/api/padel/rankings,app/api/padel/rankings/route.ts,app/padel/rankings/PadelRankingsClient.tsx
/api/padel/rulesets,app/api/padel/rulesets/route.ts,app/organizacao/(dashboard)/eventos/[id]/PadelTournamentTabs.tsx; app/organizacao/(dashboard)/eventos/novo/page.tsx; app/organizacao/(dashboard)/padel/torneios/novo/PadelTournamentWizardClient.tsx
/api/padel/standings,app/api/padel/standings/route.ts,app/eventos/[slug]/PadelPublicTablesClient.tsx; app/organizacao/(dashboard)/eventos/[id]/PadelTournamentTabs.tsx; app/widgets/padel/standings/StandingsWidgetClient.tsx
/api/padel/teams/[id]/members,app/api/padel/teams/[id]/members/route.ts,
/api/padel/teams/entries,app/api/padel/teams/entries/route.ts,app/organizacao/(dashboard)/padel/PadelHubClient.tsx
/api/padel/teams,app/api/padel/teams/route.ts,app/organizacao/(dashboard)/padel/PadelHubClient.tsx
/api/padel/tournaments/config,app/api/padel/tournaments/config/route.ts,app/eventos/[slug]/EventLiveClient.tsx; app/organizacao/(dashboard)/eventos/[id]/PadelTournamentTabs.tsx; app/organizacao/(dashboard)/padel/PadelHubClient.tsx
/api/padel/tournaments/lifecycle,app/api/padel/tournaments/lifecycle/route.ts,app/organizacao/(dashboard)/eventos/[id]/PadelTournamentLifecyclePanel.tsx; app/organizacao/(dashboard)/padel/torneios/novo/PadelTournamentWizardClient.tsx
/api/padel/tournaments/roles,app/api/padel/tournaments/roles/route.ts,app/organizacao/(dashboard)/eventos/[id]/PadelTournamentRolesPanel.tsx
/api/padel/tournaments/seeds,app/api/padel/tournaments/seeds/route.ts,app/organizacao/(dashboard)/eventos/[id]/PadelTournamentTabs.tsx
/api/payments/intent,app/api/payments/intent/route.ts,app/components/checkout/Step2Pagamento.tsx
/api/platform/fees,app/api/platform/fees/route.ts,app/admin/(protected)/finance/page.tsx
/api/profiles/check-username,app/api/profiles/check-username/route.ts,
/api/profiles/save-basic,app/api/profiles/save-basic/route.ts,app/components/autenticação/AuthModal.tsx; app/components/profile/ProfileHeader.tsx; app/onboarding/perfil/page.tsx
/api/public/agenda,app/api/public/agenda/route.ts,
/api/public/profile/events,app/api/public/profile/events/route.ts,
/api/public/profile,app/api/public/profile/route.ts,
/api/public/store/bundles,app/api/public/store/bundles/route.ts,
/api/public/store/cart/bundles/[bundleKey],app/api/public/store/cart/bundles/[bundleKey]/route.ts,components/storefront/StorefrontCartClient.tsx; components/storefront/StorefrontCartOverlay.tsx
/api/public/store/cart/bundles,app/api/public/store/cart/bundles/route.ts,components/storefront/StorefrontBundleCard.tsx
/api/public/store/cart/items/[itemId],app/api/public/store/cart/items/[itemId]/route.ts,components/storefront/StorefrontCartClient.tsx; components/storefront/StorefrontCartOverlay.tsx
/api/public/store/cart/items,app/api/public/store/cart/items/route.ts,components/storefront/StorefrontCartOverlay.tsx; components/storefront/StorefrontProductClient.tsx
/api/public/store/cart,app/api/public/store/cart/route.ts,components/storefront/StorefrontCartClient.tsx; components/storefront/StorefrontCartOverlay.tsx; components/storefront/StorefrontCheckoutClient.tsx
/api/public/store/catalog,app/api/public/store/catalog/route.ts,
/api/public/store/checkout/prefill,app/api/public/store/checkout/prefill/route.ts,components/storefront/StorefrontCheckoutClient.tsx
/api/public/store/checkout,app/api/public/store/checkout/route.ts,components/storefront/StorefrontCheckoutClient.tsx
/api/public/store/digital/download,app/api/public/store/digital/download/route.ts,app/me/compras/loja/page.tsx; components/storefront/StorefrontDownloadsClient.tsx
/api/public/store/digital/grants,app/api/public/store/digital/grants/route.ts,app/me/compras/loja/page.tsx; components/storefront/StorefrontDownloadsClient.tsx
/api/public/store/digital/lookup,app/api/public/store/digital/lookup/route.ts,components/storefront/StorefrontDownloadsClient.tsx
/api/public/store/orders/invoice,app/api/public/store/orders/invoice/route.ts,app/loja/seguimento/page.tsx
/api/public/store/orders/lookup,app/api/public/store/orders/lookup/route.ts,app/loja/seguimento/page.tsx
/api/public/store/orders/receipt,app/api/public/store/orders/receipt/route.ts,app/loja/seguimento/page.tsx
/api/public/store/product,app/api/public/store/product/route.ts,
/api/public/store/recommendations,app/api/public/store/recommendations/route.ts,components/storefront/StorefrontCartClient.tsx; components/storefront/StorefrontCartOverlay.tsx
/api/public/store/shipping/methods,app/api/public/store/shipping/methods/route.ts,components/storefront/StorefrontCheckoutClient.tsx
/api/public/store/shipping/quote,app/api/public/store/shipping/quote/route.ts,
/api/qr/[token],app/api/qr/[token]/route.ts,app/components/tickets/TicketCard.tsx; app/components/tickets/TicketLiveQr.tsx; app/components/tickets/TicketQrBox.tsx
/api/search,app/api/search/route.ts,
/api/servicos/[id]/booking-status,app/api/servicos/[id]/booking-status/route.ts,
/api/servicos/[id]/calendario,app/api/servicos/[id]/calendario/route.ts,app/[username]/_components/ReservasBookingClient.tsx
/api/servicos/[id]/checkout,app/api/servicos/[id]/checkout/route.ts,app/[username]/_components/ReservasBookingClient.tsx
/api/servicos/[id]/creditos/checkout,app/api/servicos/[id]/creditos/checkout/route.ts,
/api/servicos/[id]/creditos,app/api/servicos/[id]/creditos/route.ts,
/api/servicos/[id]/disponibilidade,app/api/servicos/[id]/disponibilidade/route.ts,
/api/servicos/[id]/reservar,app/api/servicos/[id]/reservar/route.ts,app/[username]/_components/ReservasBookingClient.tsx
/api/servicos/[id],app/api/servicos/[id]/route.ts,
/api/servicos/[id]/slots,app/api/servicos/[id]/slots/route.ts,app/[username]/_components/ReservasBookingClient.tsx; app/me/reservas/page.tsx
/api/servicos/list,app/api/servicos/list/route.ts,app/descobrir/_explorar/ExplorarContent.tsx; app/servicos/page.tsx
/api/social/feed,app/api/social/feed/route.ts,app/components/mobile/MobileProfileOverview.tsx; app/components/profile/ProfileHeader.tsx
/api/social/follow,app/api/social/follow/route.ts,app/[username]/FollowClient.tsx; app/components/Navbar.tsx; app/rede/page.tsx; app/social/page.tsx
/api/social/follow-organization,app/api/social/follow-organization/route.ts,app/components/Navbar.tsx; app/components/profile/OrganizationFollowClient.tsx; app/eventos/[slug]/EventLiveClient.tsx; app/social/page.tsx
/api/social/follow-requests/accept,app/api/social/follow-requests/accept/route.ts,app/social/page.tsx
/api/social/follow-requests/cancel,app/api/social/follow-requests/cancel/route.ts,app/[username]/FollowClient.tsx; app/components/Navbar.tsx; app/social/page.tsx
/api/social/follow-requests/decline,app/api/social/follow-requests/decline/route.ts,app/social/page.tsx
/api/social/follow-requests,app/api/social/follow-requests/route.ts,app/social/page.tsx
/api/social/follow-status,app/api/social/follow-status/route.ts,app/[username]/FollowClient.tsx
/api/social/followers,app/api/social/followers/route.ts,app/components/mobile/MobileProfileOverview.tsx; app/components/profile/ProfileHeader.tsx
/api/social/following,app/api/social/following/route.ts,app/components/home/HomePersonalized.tsx
/api/social/organization-follow-status,app/api/social/organization-follow-status/route.ts,app/components/profile/OrganizationFollowClient.tsx
/api/social/organization-followers,app/api/social/organization-followers/route.ts,app/components/profile/OrganizationProfileHeader.tsx
/api/social/suggestions,app/api/social/suggestions/route.ts,app/rede/page.tsx; app/social/page.tsx
/api/social/unfollow,app/api/social/unfollow/route.ts,app/[username]/FollowClient.tsx; app/components/Navbar.tsx; app/rede/page.tsx; app/social/page.tsx
/api/social/unfollow-organization,app/api/social/unfollow-organization/route.ts,app/components/Navbar.tsx; app/components/profile/OrganizationFollowClient.tsx; app/eventos/[slug]/EventLiveClient.tsx; app/social/page.tsx
/api/stripe/webhook,app/api/stripe/webhook/route.ts,
/api/tickets/resale/cancel,app/api/tickets/resale/cancel/route.ts,
/api/tickets/resale/list,app/api/tickets/resale/list/route.ts,
/api/tournaments/[id]/live,app/api/tournaments/[id]/live/route.ts,
/api/tournaments/[id]/monitor,app/api/tournaments/[id]/monitor/route.ts,
/api/tournaments/[id],app/api/tournaments/[id]/route.ts,
/api/tournaments/[id]/structure,app/api/tournaments/[id]/structure/route.ts,
/api/tournaments/list,app/api/tournaments/list/route.ts,
/api/upload/delete,app/api/upload/delete/route.ts,
/api/upload,app/api/upload/route.ts,app/components/profile/ProfileHeader.tsx; app/organizacao/(dashboard)/eventos/EventEditClient.tsx; app/organizacao/(dashboard)/eventos/[id]/PadelTournamentTabs.tsx; app/organizacao/(dashboard)/eventos/novo/page.tsx; app/organizacao/(dashboard)/reservas/[id]/page.tsx; app/organizacao/(dashboard)/tournaments/[id]/live/page.tsx; app/organizacao/(dashboard)/treinadores/page.tsx; app/organizacao/OrganizationPublicProfilePanel.tsx; components/store/StoreProductImagesPanel.tsx; components/store/StoreProductsPanel.tsx
/api/username/check,app/api/username/check/route.ts,app/components/autenticação/AuthModal.tsx; app/components/checkout/AuthWall.tsx; app/onboarding/perfil/page.tsx; app/organizacao/organizations/OrganizationsHubClient.tsx; components/organization/BecomeOrganizationForm.tsx
/api/users/search,app/api/users/search/route.ts,app/components/Navbar.tsx; app/components/checkout/Step1Bilhete.tsx; app/organizacao/(dashboard)/tournaments/[id]/live/page.tsx; app/social/page.tsx
/api/webhooks/stripe,app/api/webhooks/stripe/route.ts,
/api/widgets/padel/bracket,app/api/widgets/padel/bracket/route.ts,
/api/widgets/padel/calendar,app/api/widgets/padel/calendar/route.ts,app/widgets/padel/calendar/page.tsx
/api/widgets/padel/next,app/api/widgets/padel/next/route.ts,
/api/widgets/padel/standings,app/api/widgets/padel/standings/route.ts,
